<?xml version="1.0" encoding="UTF-8"?>
<project-private xmlns="http://www.netbeans.org/ns/project-private/1">
    <editor-bookmarks xmlns="http://www.netbeans.org/ns/editor-bookmarks/2" lastBookmarkId="0"/>
    <open-files xmlns="http://www.netbeans.org/ns/projectui-open-files/2">
        <group>
            <file>file:/C:/Users/Harshavardhan/Documents/NetBeansProjects/JavaApplication3/src/newpackage/PaintingGallery.java</file>
            <file>file:/C:/Users/Harshavardhan/Documents/NetBeansProjects/JavaApplication3/src/newpackage/IAddSculpture.java</file>
            <file>file:/C:/Users/Harshavardhan/Documents/NetBeansProjects/JavaApplication3/src/newpackage/Lab3.java</file>
            <file>file:/C:/Users/Harshavardhan/Documents/NetBeansProjects/JavaApplication3/src/package1/Dog.java</file>
            <file>file:/C:/Users/Harshavardhan/Documents/NetBeansProjects/JavaApplication3/src/newpackage/IAddPainting.java</file>
            <file>file:/C:/Users/Harshavardhan/Documents/NetBeansProjects/JavaApplication3/src/package1/JavaApplication3.java</file>
            <file>file:/C:/Users/Harshavardhan/Documents/NetBeansProjects/JavaApplication3/src/blah/NewClass.java</file>
            <file>file:/C:/Users/Harshavardhan/Documents/NetBeansProjects/JavaApplication3/src/newpackage/AbstractArtGallery.java</file>
            <file>file:/C:/Users/Harshavardhan/Documents/NetBeansProjects/JavaApplication3/src/blah/AbstractClass.java</file>
            <file>file:/C:/Users/Harshavardhan/Documents/NetBeansProjects/JavaApplication3/src/newpackage/Sculpture.java</file>
            <file>file:/C:/Users/Harshavardhan/Documents/NetBeansProjects/JavaApplication3/src/blah/NewInterface.java</file>
            <file>file:/C:/Users/Harshavardhan/Documents/NetBeansProjects/JavaApplication3/src/newpackage/ArtGallery.java</file>
            <file>file:/C:/Users/Harshavardhan/Documents/NetBeansProjects/JavaApplication3/src/package1/Animal.java</file>
            <file>file:/C:/Users/Harshavardhan/Documents/NetBeansProjects/JavaApplication3/src/package2/NewClass.java</file>
            <file>file:/C:/Users/Harshavardhan/Documents/NetBeansProjects/JavaApplication3/src/newpackage/Painting.java</file>
        </group>
    </open-files>
</project-private>
